AREA_EN,last_area_date,area_90d_median_ppsf,area_90d_transaction_count,log_area_90d_count
Island 2,2026-01-23 10:12:35,,,
JUMEIRA BAY,2026-05-21 14:57:00,10837.494323049536,1.0,0.6931471805599453
TECOM SITE D,2026-05-22 10:54:24,2618.147046617863,1.0,0.6931471805599453
AL WAHA,2026-06-25 14:12:41,926.4257267080991,2.0,1.0986122886681098
DUBAI HEALTHCARE CITY - PHASE 1,2026-07-07 11:37:16,1938.5665183343742,2.0,1.0986122886681098
DUBAI WATER FRONT,2026-07-08 13:01:14,745.3831008005568,1.0,0.6931471805599453
MUDON,2026-07-09 15:41:43,1370.967935524453,4.0,1.6094379124341003
Warsan Fourth,2026-07-17 17:00:52,,,
Al Qusais Industrial Fourth,2026-07-18 10:25:45,886.6682599766903,1.0,0.6931471805599453
Saih Shuaib 2,2026-07-22 10:51:03,,,
Wadi Al Safa 2,2026-07-24 16:27:59,1073.7063504300042,7.0,2.0794415416798357
Muhaisanah First,2026-07-27 13:43:59,1354.1743299533057,9.0,2.302585092994046
PEARL JUMEIRA,2026-07-29 15:36:35,,,
JUMEIRAH HEIGHTS,2026-07-29 17:09:51,2461.404657807572,18.0,2.9444389791664403
THE LAKES,2026-07-30 09:59:34,2387.677605328852,10.0,2.3978952727983707
Al Kheeran,2026-07-31 11:25:59,1272.0941611247556,7.0,2.0794415416798357
Nad Al Shiba First,2026-07-31 12:11:20,2145.3436072089016,23.0,3.1780538303479458
Nad Al Hamar,2026-08-01 11:21:19,1157.1343892453121,18.0,2.9444389791664403
Al Barshaa South Third,2026-08-04 12:49:55,966.8041108366898,1.0,0.6931471805599453
DUBAI DESIGN DISTRICT,2026-08-04 15:11:07,2519.130847383697,4.0,1.6094379124341003
Zaabeel First,2026-08-04 15:33:42,2953.7696812828585,20.0,3.044522437723423
JUMEIRAH GOLF,2026-08-05 10:40:53,1379.508624059668,15.0,2.772588722239781
LA MER,2026-08-06 14:14:15,2772.5010090496035,20.0,3.044522437723423
SUFOUH GARDENS,2026-08-07 15:15:22,1621.3189544748145,14.0,2.70805020110221
MINA RASHID,2026-08-07 15:46:05,2313.723352197328,4.0,1.6094379124341003
DUBAI LIFESTYLE CITY,2026-08-08 17:26:01,1472.995942336918,5.0,1.791759469228055
NAD AL SHEBA GARDENS,2026-08-10 13:13:59,2017.9625317804569,15.0,2.772588722239781
Trade Center First,2026-08-10 16:54:58,3331.6456314348106,37.0,3.6375861597263857
Al Kifaf,2026-08-11 08:28:32,2207.804331681501,72.0,4.290459441148391
Jumeirah Second,2026-08-11 09:22:15,8339.40311192247,19.0,2.995732273553991
Rega Al Buteen,2026-08-11 10:47:06,697.6891913620118,1.0,0.6931471805599453
Palm Jumeirah,2026-08-11 15:00:43,9863.901110152661,1.0,0.6931471805599453
Madinat Dubai Almelaheyah,2026-08-11 19:40:16,2915.000599756454,120.0,4.795790545596741
Mirdif,2026-08-12 08:42:01,1178.3693134375537,22.0,3.1354942159291497
Jumeirah First,2026-08-12 10:49:25,7565.20133931125,16.0,2.833213344056216
LIWAN 2,2026-08-12 10:57:57,1119.525378644686,3.0,1.3862943611198906
JADDAF WATERFRONT,2026-08-12 12:41:36,1819.107962962462,65.0,4.189654742026425
DUBAI HARBOUR,2026-08-12 17:17:39,3715.854952261334,57.0,4.060443010546419
DMCC-EZ2,2026-08-12 22:10:13,2905.01686425504,54.0,4.007333185232471
Palm Jabal Ali,2026-08-13 09:29:59,3560.6154008203703,156.0,5.056245805348308
MEYDAN AVENUE,2026-08-13 09:42:44,1755.66753663731,29.0,3.4011973816621555
Warsan First,2026-08-13 09:56:22,1369.1899106310784,212.0,5.3612921657094255
Wadi Al Safa 3,2026-08-13 11:52:49,1491.8253777907908,142.0,4.962844630259907
Al Barsha First,2026-08-13 11:54:46,1708.5846788276708,18.0,2.9444389791664403
TECOM SITE A,2026-08-13 12:08:02,2772.887274000932,27.0,3.332204510175204
Dubai Investment Park Second,2026-08-13 14:01:55,1436.0530081821976,95.0,4.564348191467836
FALCON CITY OF WONDERS,2026-08-13 14:41:36,1599.3312022672646,87.0,4.477336814478207
Al Jadaf,2026-08-13 16:25:05,1836.483912161039,19.0,2.995732273553991
AL KHAIL HEIGHTS,2026-08-13 16:37:57,983.037267588838,10.0,2.3978952727983707
Al Merkadh,2026-08-13 18:17:35,2001.9886356276306,28.0,3.367295829986474
JUMEIRAH LIVING,2026-08-13 19:50:15,2061.461651280876,4.0,1.6094379124341003
AL BARARI,2026-08-14 10:00:57,2786.133161620424,19.0,2.995732273553991
EMAAR SOUTH,2026-08-14 10:13:44,1241.2323783910156,12.0,2.5649493574615367
LIWAN,2026-08-14 12:05:21,1161.6280611934299,130.0,4.875197323201151
PALM JUMEIRAH,2026-08-14 12:55:40,3252.657143288542,196.0,5.2832037287379885
JUMEIRAH BEACH RESIDENCE,2026-08-14 14:46:49,1556.2609772502733,88.0,4.48863636973214
DOWN TOWN JABAL ALI,2026-08-14 15:12:38,1721.974996024449,562.0,6.333279628139691
Madinat Hind 4,2026-08-14 15:21:40,1259.6338633163145,24.0,3.2188758248682006
BLUEWATERS,2026-08-15 00:00:00,4590.249208143577,13.0,2.6390573296152584
Wadi Al Safa 4,2026-08-15 11:16:20,1812.5157312171068,219.0,5.393627546352362
Al Yufrah 1,2026-08-15 14:13:26,1874.9890104124572,61.0,4.127134385045092
SILICON OASIS,2026-08-15 15:49:30,1540.8389080426728,140.0,4.948759890378168
HORIZON,2026-08-17 08:37:02,2441.0408360952038,325.0,5.786897381366708
Al Khairan First,2026-08-17 09:21:47,2673.06055962436,175.0,5.170483995038151
DUBAI LAND RESIDENCE COMPLEX,2026-08-17 09:40:42,1392.0373632028432,1120.0,7.02197642307216
PALM DEIRA,2026-08-17 10:03:57,2604.0292368830696,58.0,4.07753744390572
DISCOVERY GARDENS,2026-08-17 10:07:49,890.9993792520942,179.0,5.19295685089021
Bukadra,2026-08-17 10:17:32,2612.505212894206,128.0,4.859812404361672
BARSHA HEIGHTS,2026-08-17 10:24:21,967.0435493504725,5.0,1.791759469228055
DUBAI WATER CANAL,2026-08-17 10:48:30,2873.9561954255105,30.0,3.4339872044851463
DUBAI CREEK HARBOUR,2026-08-17 10:53:21,2290.326971683902,249.0,5.521460917862246
THE GREENS,2026-08-17 11:03:09,1721.958961789119,91.0,4.5217885770490405
Zaabeel Second,2026-08-17 11:04:07,3310.4397443966327,94.0,4.553876891600541
Al Thanyah Fifth,2026-08-17 11:17:24,2475.943244668213,656.0,6.48768401848461
Al Hebiah Fifth,2026-08-17 11:28:22,1720.1703963187629,487.0,6.1903154058531475
Palm Deira,2026-08-17 11:33:49,2820.240830285706,467.0,6.148468295917647
Hadaeq Sheikh Mohammed Bin Rashid,2026-08-17 11:34:06,2379.641718378132,95.0,4.564348191467836
BUSINESS PARK,2026-08-17 11:38:28,3549.046984377917,327.0,5.793013608384144
JUMEIRAH LAKES TOWERS,2026-08-17 11:52:56,1460.323562404847,287.0,5.662960480135946
CITY WALK,2026-08-17 12:00:22,2728.4325963714114,33.0,3.5263605246161616
DUBAI STUDIO CITY,2026-08-17 12:10:11,1521.9883437693936,356.0,5.877735781779639
Business Bay,2026-08-17 12:12:02,2619.812820345039,22.0,3.1354942159291497
Um Suqaim Third,2026-08-17 12:16:07,2618.0917501343815,35.0,3.58351893845611
DUBAI HILLS,2026-08-17 12:24:10,2166.2053023945564,201.0,5.308267697401205
INTERNATIONAL CITY PH 2 & 3,2026-08-17 12:34:41,1120.231085079783,457.0,6.126869184114185
Al Yelayiss 2,2026-08-17 12:39:26,1507.9326739184735,148.0,5.003946305945459
Ras Al Khor Industrial First,2026-08-17 12:41:28,2399.978115781969,59.0,4.0943445622221
MBR DISTRICT 7,2026-08-17 12:43:48,1513.4911198443642,13.0,2.6390573296152584
Al Hebiah First,2026-08-17 13:03:54,1822.420262916359,203.0,5.318119993844216
TOWN SQUARE,2026-08-17 13:07:41,1290.8904243727684,103.0,4.6443908991413725
SOBHA HEARTLAND,2026-08-17 13:09:02,1872.7602099028522,131.0,4.882801922586371
MBR DISTRICT 1,2026-08-17 13:19:53,1828.8564309614806,62.0,4.143134726391533
DUBAI SOUTH,2026-08-17 13:33:31,1266.3022342477875,430.0,6.066108090103747
Al Satwa,2026-08-17 13:34:23,2356.6458393963203,231.0,5.44673737166631
LIVING LEGENDS,2026-08-17 13:39:33,1424.8946304669716,137.0,4.927253685157205
INTERNATIONAL CITY PH 1,2026-08-17 13:52:41,638.6964581984939,250.0,5.5254529391317835
DUBAI PRODUCTION CITY,2026-08-17 13:58:41,1320.1938998593396,556.0,6.322565239927284
SAMA AL JADAF,2026-08-17 13:59:11,2235.3371173129012,213.0,5.365976015021851
Marsa Dubai,2026-08-17 14:04:32,4397.523924003684,62.0,4.143134726391533
Wadi Al Safa 7,2026-08-17 14:05:20,1089.9987983809208,5.0,1.791759469228055
Trade Center Second,2026-08-17 14:05:28,4582.786546008093,1.0,0.6931471805599453
AL FURJAN,2026-08-17 14:06:16,1341.3282597391353,310.0,5.739792912179234
REMRAAM,2026-08-17 14:06:53,905.3509091547246,32.0,3.4965075614664802
ARJAN,2026-08-17 14:12:32,1656.0468583516542,762.0,6.637258031284457
Al Wasl,2026-08-17 14:18:33,3186.8418410467393,106.0,4.672828834461906
DUBAI MARITIME CITY,2026-08-17 14:21:05,3157.401289180664,142.0,4.962844630259907
MOTOR CITY,2026-08-17 14:26:26,1617.8631494285712,277.0,5.627621113690637
Wadi Al Safa 5,2026-08-17 14:28:21,1537.1821630936956,59.0,4.0943445622221
DAMAC HILLS,2026-08-17 14:31:32,1775.8407939280346,317.0,5.762051382780177
JUMEIRAH VILLAGE TRIANGLE,2026-08-17 14:47:31,1645.0959060166663,410.0,6.018593214496234
Jabal Ali Industrial Second,2026-08-17 14:50:16,1728.1492782597538,923.0,6.828712071641684
Jabal Ali First,2026-08-17 14:52:25,1690.7575325029918,716.0,6.57507584059962
Madinat Al Mataar,2026-08-17 14:55:42,1720.9495456106315,6148.0,8.724044745953469
MEYDAN ONE,2026-08-17 15:00:58,2086.7881048932827,312.0,5.746203190540153
DUBAI MARINA,2026-08-17 15:01:46,1789.1394417868648,483.0,6.182084906716632
MAJAN,2026-08-17 15:03:28,1499.682602384406,608.0,6.411818267709897
CITY OF ARABIA,2026-08-17 15:03:51,1725.5486452437835,1524.0,7.329749689041512
DUBAI SPORTS CITY,2026-08-17 15:03:54,1300.3320197586495,496.0,6.208590026096629
DUBAI INDUSTRIAL CITY,2026-08-17 15:07:15,1301.7137203782338,136.0,4.919980925828125
DUBAI HEALTHCARE CITY - PHASE 2,2026-08-17 15:10:06,1969.305275955233,174.0,5.1647859739235145
BURJ KHALIFA,2026-08-17 15:10:13,2440.7408495112086,394.0,5.978885764901122
DUBAI SCIENCE PARK,2026-08-17 15:12:00,1765.5798443759072,329.0,5.799092654460526
JUMEIRAH VILLAGE CIRCLE,2026-08-17 15:13:37,1412.4556287885448,1978.0,7.590346945602565
BUSINESS BAY,2026-08-17 15:14:16,2095.4521649923677,772.0,6.650279048587422
