TRANSACTION_NUMBER,PROJECT_EN,AREA_EN,ROOMS_EN,IS_OFFPLAN_EN,TRANS_VALUE,price_per_sqft,fair_value,valuation_gap_aed,valuation_gap_pct,risk_adjusted_gap_pct,opportunity_score,confidence_score,opportunity,final_signal,INSTANCE_DATE,PROP_TYPE_EN,PROP_SB_TYPE_EN,data_quality,model_risk_pct,fair_value_ratio,valuation_gap_pct_capped
102-61984-2026,Azizi Milan 55,CITY OF ARABIA,1 B/R,Off-Plan,500000.0,752.1302615483044,1001397.3,501397.3125,50.06976813710992,40.06976813710992,0.8202599208365876,80,HIGH OPPORTUNITY,CONSERVATIVE OPPORTUNITY,2026-07-14 11:57:18,Unit,Flat,VALID,10.0,2.002794625,50.0
102-68026-2026,RAW DISTRICT BY IMTIAZ R,Jabal Ali Industrial Second,Studio,Off-Plan,748499.48,664.163748093101,1375496.4,626996.895,45.58331860380221,35.58331860380221,0.8019513304431948,80,HIGH OPPORTUNITY,CONSERVATIVE OPPORTUNITY,2026-08-01 16:06:22,Unit,Flat,VALID,10.0,1.8376717843544794,45.58331860380221
102-72162-2026,Bugatti Residences by Binghatti,BUSINESS BAY,3 B/R,Off-Plan,18020000.0,3161.629432709801,38098830.0,20078832.0,52.701962096895784,42.701962096895784,0.7781480740496008,65,HIGH OPPORTUNITY,BROAD OPPORTUNITY,2026-08-17 15:14:16,Unit,Flat,VALID,10.0,2.1142526082130964,50.0
102-70943-2026,AZIZI VENICE 10,Madinat Al Mataar,1 B/R,Off-Plan,1050000.0,653.0210630724922,1717672.9,667672.875,38.87078178375496,28.870781783754957,0.7754567401351031,80,HIGH OPPORTUNITY,CONSERVATIVE OPPORTUNITY,2026-08-12 12:01:53,Unit,Flat,VALID,10.0,1.6358789285714286,38.87078178375496
102-69568-2026,AZIZI VENICE 10,Madinat Al Mataar,1 B/R,Off-Plan,985050.0,884.6227947254246,1610463.5,625413.5,38.83437904677753,28.834379046777528,0.7752720516711601,80,HIGH OPPORTUNITY,CONSERVATIVE OPPORTUNITY,2026-08-06 17:28:36,Unit,Flat,VALID,10.0,1.634905334754581,38.83437904677753
102-67286-2026,RAW DISTRICT BY IMTIAZ R,Jabal Ali Industrial Second,1 B/R,Off-Plan,704820.85,999.6956181423218,1235366.9,530546.025,42.946434434709936,32.946434434709936,0.7736691188114738,80,HIGH OPPORTUNITY,CONSERVATIVE OPPORTUNITY,2026-07-30 15:08:34,Unit,Flat,VALID,10.0,1.7527388342725674,42.946434434709936
102-67589-2026,RAFFI BY AZIZI,AL FURJAN,1 B/R,Off-Plan,497000.0,859.6696250885112,962942.5,465942.5,48.3873647699629,38.3873647699629,0.7561934995248419,70,HIGH OPPORTUNITY,BROAD OPPORTUNITY,2026-08-03 09:06:31,Unit,Flat,VALID,10.0,1.937510060362173,48.3873647699629
102-72089-2026,SOBHA ONE,Ras Al Khor Industrial First,2 B/R,Off-Plan,1193082.0,1069.9976062848061,2535481.2,1342399.25,52.944554411514574,42.944554411514574,0.7444574274966022,60,HIGH OPPORTUNITY,BROAD OPPORTUNITY,2026-08-17 12:41:28,Unit,Flat,VALID,10.0,2.125152546094904,50.0
102-63844-2026,Binghatti Luxuria,JUMEIRAH VILLAGE TRIANGLE,1 B/R,Off-Plan,800000.0,1059.781889707076,1375084.6,575084.625,41.82176242425807,31.82176242425807,0.7374567133016482,80,HIGH OPPORTUNITY,CONSERVATIVE OPPORTUNITY,2026-07-20 15:16:32,Unit,Flat,VALID,10.0,1.71885578125,41.82176242425807
102-61360-2026,azizi venice 13 ,Madinat Al Mataar,1 B/R,Off-Plan,1039500.0,850.1875476516523,1509695.0,470195.0,31.14503260592371,21.14503260592371,0.725286260664357,80,HIGH OPPORTUNITY,CONSERVATIVE OPPORTUNITY,2026-07-12 08:36:29,Unit,Flat,VALID,10.0,1.4523280423280422,31.14503260592371
102-67666-2026,OMYA RESIDENCES,Jabal Ali First,1 B/R,Off-Plan,961926.0,803.7227820702267,1585775.2,623849.25,39.340332118312475,29.340332118312475,0.7237711577935043,80,HIGH OPPORTUNITY,CONSERVATIVE OPPORTUNITY,2026-07-31 14:06:46,Unit,Flat,VALID,10.0,1.6485418317001517,39.340332118312475
102-70350-2026,Rome 3 by SD ,Wadi Al Safa 3,2 B/R,Off-Plan,902866.79,782.454763802112,1616105.4,713238.585,44.133173246824946,34.133173246824946,0.7080018027015916,70,HIGH OPPORTUNITY,BROAD OPPORTUNITY,2026-08-10 17:32:06,Unit,Flat,VALID,10.0,1.7899710044712132,44.133173246824946
102-69681-2026,RAW DISTRICT BY IMTIAZ R,Jabal Ali Industrial Second,3 B/R,Off-Plan,1970124.98,1005.2769646228122,2942654.8,972529.77,33.0494010552886,23.049401055288598,0.7071387396727272,80,HIGH OPPORTUNITY,CONSERVATIVE OPPORTUNITY,2026-08-07 08:17:58,Unit,Flat,VALID,10.0,1.4936386167744546,33.0494010552886
102-65381-2026,AZIZI VENICE 7,Madinat Al Mataar,1 B/R,Off-Plan,850000.0,1240.0700442914504,1209622.0,359622.0,29.73011403562435,19.73011403562435,0.704307671107037,80,HIGH OPPORTUNITY,CONSERVATIVE OPPORTUNITY,2026-07-24 14:57:50,Unit,Flat,VALID,10.0,1.423084705882353,29.73011403562435
102-70351-2026,Rome 3 by SD ,Wadi Al Safa 3,2 B/R,Off-Plan,916178.08,782.4582752682365,1620408.0,704229.92,43.46003722519267,33.46003722519267,0.7032155885243949,70,HIGH OPPORTUNITY,BROAD OPPORTUNITY,2026-08-10 17:34:12,Unit,Flat,VALID,10.0,1.7686605206708286,43.46003722519267
102-68413-2026,Elanora by zoya,DUBAI INDUSTRIAL CITY,Studio,Off-Plan,400000.0,909.4775321238037,702404.4,302404.375,43.052746503750065,33.052746503750065,0.6965476615610267,70,HIGH OPPORTUNITY,BROAD OPPORTUNITY,2026-08-03 19:49:19,Unit,Flat,VALID,10.0,1.7560109375,43.052746503750065
102-66417-2026,AZIZI VENICE 7,Madinat Al Mataar,Studio,Off-Plan,480000.0,1364.1328343558994,671869.5,191869.5,28.55755470370362,18.55755470370362,0.6957730464385844,80,HIGH OPPORTUNITY,CONSERVATIVE OPPORTUNITY,2026-07-28 12:52:21,Unit,Flat,VALID,10.0,1.399728125,28.55755470370362
102-68771-2026,RAW DISTRICT BY IMTIAZ R,Jabal Ali Industrial Second,3 B/R,Off-Plan,1965059.48,1119.9323731325337,2875878.5,910819.02,31.670984014102128,21.670984014102128,0.6934342851424555,80,HIGH OPPORTUNITY,CONSERVATIVE OPPORTUNITY,2026-08-04 17:27:40,Unit,Flat,VALID,10.0,1.4635070995408241,31.670984014102128
102-63141-2026,AZIZI VENICE 7,Madinat Al Mataar,Studio,Off-Plan,480000.0,1367.8988452482927,671869.5,191869.5,28.55755470370362,18.55755470370362,0.6933947181832386,80,HIGH OPPORTUNITY,CONSERVATIVE OPPORTUNITY,2026-07-16 19:48:09,Unit,Flat,VALID,10.0,1.399728125,28.55755470370362
102-68328-2026,RAW DISTRICT BY IMTIAZ R,Jabal Ali Industrial Second,Studio,Off-Plan,690011.93,916.9541978227422,1008933.8,318921.88249999995,31.609792292494898,21.609792292494898,0.6922426715488932,80,HIGH OPPORTUNITY,CONSERVATIVE OPPORTUNITY,2026-08-03 16:14:05,Unit,Flat,VALID,10.0,1.4621976354814619,31.609792292494898
102-67390-2026,RAW DISTRICT BY IMTIAZ R,Jabal Ali Industrial Second,Studio,Off-Plan,686873.53,911.7402598498288,1013802.7,326929.1575,32.24780931545912,22.247809315459122,0.6886706368100949,80,HIGH OPPORTUNITY,CONSERVATIVE OPPORTUNITY,2026-07-30 17:23:13,Unit,Flat,VALID,10.0,1.4759670350086136,32.24780931545912
102-62245-2026,Azizi Venice 6,Madinat Al Mataar,1 B/R,Off-Plan,1106801.6,1248.7895655266323,1510073.8,403272.1499999999,26.705460577670454,16.705460577670454,0.6868880369607954,80,HIGH OPPORTUNITY,CONSERVATIVE OPPORTUNITY,2026-07-14 17:42:31,Unit,Flat,VALID,10.0,1.3643581198292447,26.705460577670454
102-71860-2026,RAW DISTRICT BY IMTIAZ R,Jabal Ali Industrial Second,Studio,Off-Plan,627352.0,1103.2171938873566,888202.06,260850.0625,29.368324338922598,19.368324338922598,0.6820472637190267,80,HIGH OPPORTUNITY,CONSERVATIVE OPPORTUNITY,2026-08-14 15:28:54,Unit,Flat,VALID,10.0,1.4157953788303854,29.368324338922598
102-70601-2026,RAW DISTRICT BY IMTIAZ R,Jabal Ali Industrial Second,1 B/R,Off-Plan,1096601.36,1020.0009872213254,1558118.6,461517.2649999999,29.62016226460292,19.62016226460292,0.681594145781942,80,HIGH OPPORTUNITY,CONSERVATIVE OPPORTUNITY,2026-08-11 14:49:27,Unit,Flat,VALID,10.0,1.4208614742188537,29.62016226460292
102-69440-2026,SIERRA BY IMAN,MOTOR CITY,2 B/R,Off-Plan,1036153.0,975.0010813527226,1690563.9,654410.875,38.70962136819586,28.70962136819586,0.6809988765255781,70,HIGH OPPORTUNITY,BROAD OPPORTUNITY,2026-08-06 14:28:34,Unit,Flat,VALID,10.0,1.6315774552599858,38.70962136819586
102-66901-2026,RAW DISTRICT BY IMTIAZ R,Jabal Ali Industrial Second,Studio,Off-Plan,708881.52,964.518335396006,1040724.56,331843.0425,31.88577020829178,21.88577020829178,0.6798061608803091,80,HIGH OPPORTUNITY,CONSERVATIVE OPPORTUNITY,2026-07-29 16:06:46,Unit,Flat,VALID,10.0,1.4681220107134405,31.88577020829178
102-67245-2026,AZIZI VENICE 7,Madinat Al Mataar,1 B/R,Off-Plan,890000.0,1304.366392439461,1209622.0,319622.0,26.42329587259491,16.42329587259491,0.6796076395153805,80,HIGH OPPORTUNITY,CONSERVATIVE OPPORTUNITY,2026-07-30 13:50:06,Unit,Flat,VALID,10.0,1.3591258426966293,26.42329587259491
102-67361-2026,RAW DISTRICT BY IMTIAZ R,Jabal Ali Industrial Second,3 B/R,Off-Plan,1991499.41,1135.001094385876,2889269.0,897769.5900000001,31.072551223164062,21.072551223164062,0.6791856677457091,80,HIGH OPPORTUNITY,CONSERVATIVE OPPORTUNITY,2026-07-30 16:54:49,Unit,Flat,VALID,10.0,1.4508008315202063,31.072551223164062
102-61540-2026,AZIZI VENICE 7,Madinat Al Mataar,Studio,Off-Plan,480000.0,1420.6276634308488,652237.44,172237.4375,26.4071682484494,16.4071682484494,0.6742538137068624,80,HIGH OPPORTUNITY,CONSERVATIVE OPPORTUNITY,2026-07-13 13:44:26,Unit,Flat,VALID,10.0,1.3588279947916666,26.4071682484494
102-70725-2026,AZIZI VENICE 7,Madinat Al Mataar,Studio,Off-Plan,480000.0,1420.6276634308488,642619.8,162619.8125,25.305757671453676,15.305757671453676,0.6738625019819694,80,HIGH OPPORTUNITY,CONSERVATIVE OPPORTUNITY,2026-08-11 17:31:51,Unit,Flat,VALID,10.0,1.3387912760416667,25.305757671453676
102-69774-2026,RAW DISTRICT BY IMTIAZ R,Jabal Ali Industrial Second,Studio,Off-Plan,719173.5,954.6145034401178,1006921.94,287748.4375,28.577035297733794,18.577035297733794,0.6724260882224325,80,HIGH OPPORTUNITY,CONSERVATIVE OPPORTUNITY,2026-08-07 11:31:14,Unit,Flat,VALID,10.0,1.4001099004621278,28.577035297733794
102-69485-2026,SIERRA BY IMAN,MOTOR CITY,1 B/R,Off-Plan,825942.0,975.0012315271954,1320230.9,494288.875,37.43957851311423,27.439578513114228,0.6711909188035498,70,HIGH OPPORTUNITY,BROAD OPPORTUNITY,2026-08-06 15:09:19,Unit,Flat,VALID,10.0,1.5984547038411898,37.43957851311423
102-69159-2026,RAW DISTRICT BY IMTIAZ R,Jabal Ali Industrial Second,Studio,Off-Plan,738742.78,1005.1481613618845,1034751.94,296009.1575,28.60677489671286,18.60677489671286,0.6711528408386728,80,HIGH OPPORTUNITY,CONSERVATIVE OPPORTUNITY,2026-08-05 17:00:58,Unit,Flat,VALID,10.0,1.4006931309704305,28.60677489671286
102-69892-2026,Sky Line By Peace Homes,DUBAI LAND RESIDENCE COMPLEX,Studio,Off-Plan,499000.0,1091.048760256927,720257.7,221257.6875,30.719239980343843,20.719239980343843,0.6671959212219915,80,HIGH OPPORTUNITY,CONSERVATIVE OPPORTUNITY,2026-08-10 22:00:39,Unit,Flat,VALID,10.0,1.4434021793587175,30.719239980343843
102-69042-2026,RAW DISTRICT BY IMTIAZ R,Jabal Ali Industrial Second,2 B/R,Off-Plan,1619064.66,1095.2899907880046,2248328.5,629263.8400000001,27.988073806830275,17.988073806830275,0.6656558679513934,80,HIGH OPPORTUNITY,CONSERVATIVE OPPORTUNITY,2026-08-05 13:48:51,Unit,Flat,VALID,10.0,1.3886588692510897,27.988073806830275
102-66882-2026,RAW DISTRICT BY IMTIAZ R,Jabal Ali Industrial Second,Studio,Off-Plan,715186.5,950.4085869952344,1017834.6,302648.125,29.734508687990445,19.734508687990445,0.6617780579545203,80,HIGH OPPORTUNITY,CONSERVATIVE OPPORTUNITY,2026-07-29 15:46:01,Unit,Flat,VALID,10.0,1.42317371063352,29.734508687990445
102-65834-2026,Sky Line By Peace Homes,DUBAI LAND RESIDENCE COMPLEX,Studio,Off-Plan,499000.0,1078.1084144957401,706784.1,207784.125,29.39852744994803,19.39852744994803,0.6609069767542589,80,HIGH OPPORTUNITY,CONSERVATIVE OPPORTUNITY,2026-07-27 11:16:25,Unit,Flat,VALID,10.0,1.4164010521042085,29.39852744994803
102-62242-2026,Nuve By Zoya,DUBAI LAND RESIDENCE COMPLEX,Studio,Off-Plan,469820.0,1225.716048656184,665977.56,196157.5625,29.454079768640856,19.454079768640856,0.660566451556866,80,HIGH OPPORTUNITY,CONSERVATIVE OPPORTUNITY,2026-07-15 10:16:22,Unit,Flat,VALID,10.0,1.4175164158613938,29.454079768640856
102-68326-2026,RAW DISTRICT BY IMTIAZ R,Jabal Ali Industrial Second,Studio,Off-Plan,749988.37,1020.449135419363,1035603.94,285615.5675,27.579613900415477,17.579613900415477,0.6598737287911379,80,HIGH OPPORTUNITY,CONSERVATIVE OPPORTUNITY,2026-08-03 16:01:27,Unit,Flat,VALID,10.0,1.3808266620187724,27.579613900415477
102-66444-2026,Reef 998,DUBAI LAND RESIDENCE COMPLEX,Studio,Off-Plan,510000.0,1067.6114522822834,737224.25,227224.25,30.82159193759565,20.82159193759565,0.6591177262231654,80,HIGH OPPORTUNITY,CONSERVATIVE OPPORTUNITY,2026-07-29 09:56:17,Unit,Flat,VALID,10.0,1.4455377450980391,30.82159193759565
102-70695-2026,Rome 3 by SD ,Wadi Al Safa 3,2 B/R,Off-Plan,924432.06,782.4583797363701,1484058.6,559626.565,37.70919528195862,27.70919528195862,0.6563411583566715,70,HIGH OPPORTUNITY,BROAD OPPORTUNITY,2026-08-11 16:47:34,Unit,Flat,VALID,10.0,1.6053733846054625,37.70919528195862
102-70672-2026,Rome 3 by SD ,Wadi Al Safa 3,2 B/R,Off-Plan,916176.54,782.4569600373113,1474671.0,558494.46,37.872478674904436,27.872478674904436,0.6562024199169398,70,HIGH OPPORTUNITY,BROAD OPPORTUNITY,2026-08-11 16:23:59,Unit,Flat,VALID,10.0,1.6095926228366424,37.872478674904436
102-70352-2026,Rome 3 by SD ,Wadi Al Safa 3,1 B/R,Off-Plan,902780.62,782.453076004127,1438527.9,535747.255,37.24274407960291,27.242744079602907,0.6540600129925445,70,HIGH OPPORTUNITY,BROAD OPPORTUNITY,2026-08-10 17:36:18,Unit,Flat,VALID,10.0,1.593441244895133,37.24274407960291
102-67717-2026,Samana Imperial Garden,ARJAN,Studio,Off-Plan,581086.74,1385.6462241564047,820485.6,239398.885,29.17770619076964,19.17770619076964,0.65280486725876,80,HIGH OPPORTUNITY,CONSERVATIVE OPPORTUNITY,2026-08-04 22:01:10,Unit,Flat,VALID,10.0,1.4119847666804444,29.17770619076964
102-70709-2026,Rome 3 by SD ,Wadi Al Safa 3,2 B/R,Off-Plan,921309.9,782.4533624992712,1463536.9,542226.975,37.04908186888014,27.049081868880137,0.6521196615244291,70,HIGH OPPORTUNITY,BROAD OPPORTUNITY,2026-08-11 16:59:26,Unit,Flat,VALID,10.0,1.5885391820928008,37.04908186888014
102-70703-2026,Rome 3 by SD ,Wadi Al Safa 3,2 B/R,Off-Plan,921310.04,782.4534813989712,1464649.8,543339.71,37.0969038843587,27.096903884358703,0.6519784154523417,70,HIGH OPPORTUNITY,BROAD OPPORTUNITY,2026-08-11 16:54:51,Unit,Flat,VALID,10.0,1.5897468674063293,37.0969038843587
102-71042-2026,Binghatti Hillcrest,ARJAN,1 B/R,Off-Plan,1200000.0,1363.2154058172641,1677483.0,477483.0,28.46425269287379,18.46425269287379,0.649246502254805,80,HIGH OPPORTUNITY,CONSERVATIVE OPPORTUNITY,2026-08-12 13:36:17,Unit,Flat,VALID,10.0,1.3979025,28.46425269287379
102-65245-2026,RAW DISTRICT BY IMTIAZ R,Jabal Ali Industrial Second,1 B/R,Off-Plan,1235687.66,954.9097587820077,1840409.0,604721.3400000001,32.857986458444834,22.857986458444834,0.6485397022247814,70,HIGH OPPORTUNITY,BROAD OPPORTUNITY,2026-07-24 11:20:09,Unit,Flat,VALID,10.0,1.4893804151123433,32.857986458444834
102-65181-2026,RAW DISTRICT BY IMTIAZ CR,DOWN TOWN JABAL ALI,1 B/R,Off-Plan,1159975.68,940.6072382592187,1775234.0,615258.3200000001,34.6578715819999,24.6578715819999,0.6476629072030996,70,HIGH OPPORTUNITY,BROAD OPPORTUNITY,2026-07-24 09:44:27,Unit,Flat,VALID,10.0,1.5304062236891036,34.6578715819999
102-63696-2026,NEST,INTERNATIONAL CITY PH 2 & 3,3 B/R,Off-Plan,1275000.0,660.7066634912949,1844853.2,569853.25,30.88881188788322,20.88881188788322,0.6433407730673456,80,HIGH OPPORTUNITY,CONSERVATIVE OPPORTUNITY,2026-07-20 10:47:38,Unit,Flat,VALID,10.0,1.446943725490196,30.88881188788322
102-62772-2026,Nuve By Zoya,DUBAI LAND RESIDENCE COMPLEX,Studio,Off-Plan,570500.0,1036.19228957239,780510.8,210010.8125,26.906842177794942,16.906842177794942,0.6418790292146019,80,HIGH OPPORTUNITY,CONSERVATIVE OPPORTUNITY,2026-07-16 10:29:02,Unit,Flat,VALID,10.0,1.3681171121822961,26.906842177794942
102-70688-2026,Rome 3 by SD ,Wadi Al Safa 3,1 B/R,Off-Plan,726502.18,782.4521957553515,1130813.8,404311.56999999995,35.75403730278306,25.75403730278306,0.6401519242740071,70,HIGH OPPORTUNITY,BROAD OPPORTUNITY,2026-08-11 16:42:41,Unit,Flat,VALID,10.0,1.5565180410057406,35.75403730278306
102-70668-2026,Rome 3 by SD ,Wadi Al Safa 3,1 B/R,Off-Plan,730882.63,782.4531449787429,1137151.0,406268.37,35.72686213176614,25.72686213176614,0.6384604902754746,70,HIGH OPPORTUNITY,BROAD OPPORTUNITY,2026-08-11 16:19:22,Unit,Flat,VALID,10.0,1.5558599333520897,35.72686213176614
102-70713-2026,Rome 3 by SD ,Wadi Al Safa 3,1 B/R,Off-Plan,726501.42,782.4513772255725,1120938.8,394437.32999999996,35.18812513172552,25.18812513172552,0.6377446333508255,70,HIGH OPPORTUNITY,BROAD OPPORTUNITY,2026-08-11 17:04:01,Unit,Flat,VALID,10.0,1.5429271287590876,35.18812513172552
102-64866-2026,Sky Gate Tower,JUMEIRAH VILLAGE TRIANGLE,1 B/R,Off-Plan,743122.0,1142.451757443958,1089068.4,345946.375,31.765349443739012,21.765349443739012,0.6366652336019288,70,HIGH OPPORTUNITY,BROAD OPPORTUNITY,2026-07-23 10:30:09,Unit,Flat,VALID,10.0,1.4655310635400378,31.765349443739012
102-63609-2026,RAW DISTRICT BY IMTIAZ R,Jabal Ali Industrial Second,2 B/R,Off-Plan,1652169.89,1117.3600780242375,2450505.5,798335.6100000001,32.57840514946814,22.57840514946814,0.635752246225242,70,HIGH OPPORTUNITY,BROAD OPPORTUNITY,2026-07-18 15:26:58,Unit,Flat,VALID,10.0,1.4832043089709135,32.57840514946814
102-62522-2026,Nuve By Zoya,DUBAI LAND RESIDENCE COMPLEX,Studio,Off-Plan,565750.0,1162.8306580657552,767010.25,201260.25,26.239577632763055,16.239577632763055,0.6355816808498512,80,HIGH OPPORTUNITY,CONSERVATIVE OPPORTUNITY,2026-07-16 09:57:12,Unit,Flat,VALID,10.0,1.3557406098099867,26.239577632763055
102-61231-2026,Azizi Riviera 50,MEYDAN ONE,1 B/R,Off-Plan,1200000.0,1424.7125353065285,1804318.4,604318.375,33.49289035533987,23.492890355339867,0.6351540251344411,70,HIGH OPPORTUNITY,BROAD OPPORTUNITY,2026-07-10 17:45:36,Unit,Flat,VALID,10.0,1.5035986458333332,33.49289035533987
102-61227-2026,Azizi Riviera 50,MEYDAN ONE,1 B/R,Off-Plan,1200000.0,1424.7125353065285,1804308.1,604308.125,33.49251253856655,23.49251253856655,0.6346396045554635,70,HIGH OPPORTUNITY,BROAD OPPORTUNITY,2026-07-10 17:30:08,Unit,Flat,VALID,10.0,1.5035901041666666,33.49251253856655
102-63687-2026,RAW DISTRICT BY IMTIAZ R,Jabal Ali Industrial Second,2 B/R,Off-Plan,1643052.43,1127.4445184089866,2412355.2,769302.8200000001,31.89011319953809,21.89011319953809,0.6345206298518036,70,HIGH OPPORTUNITY,BROAD OPPORTUNITY,2026-07-20 10:35:51,Unit,Flat,VALID,10.0,1.468215624744245,31.89011319953809
102-67707-2026,Samana Imperial Garden,ARJAN,1 B/R,Off-Plan,875423.24,1234.1359482373648,1197512.8,322089.51,26.896541185052104,16.896541185052104,0.6338588302954064,80,HIGH OPPORTUNITY,CONSERVATIVE OPPORTUNITY,2026-08-04 22:00:52,Unit,Flat,VALID,10.0,1.3679243310926952,26.896541185052104
102-67107-2026,RAW DISTRICT BY IMTIAZ R,Jabal Ali Industrial Second,Studio,Off-Plan,675801.35,1210.178500578295,905478.5,229677.15000000002,25.36527924185942,15.365279241859419,0.6304895360228412,80,HIGH OPPORTUNITY,CONSERVATIVE OPPORTUNITY,2026-07-30 10:24:38,Unit,Flat,VALID,10.0,1.3398589689115004,25.36527924185942
102-62510-2026,Nuve By Zoya,DUBAI LAND RESIDENCE COMPLEX,Studio,Off-Plan,572320.0,1151.620517826673,768177.1,195857.125,25.4963495561001,15.4963495561001,0.6291923450136225,80,HIGH OPPORTUNITY,CONSERVATIVE OPPORTUNITY,2026-07-15 15:18:01,Unit,Flat,VALID,10.0,1.3422161116158793,25.4963495561001
102-67778-2026,Samana Boulevard Heights,DUBAI LAND RESIDENCE COMPLEX,Studio,Off-Plan,528705.89,1169.208092858211,707615.75,178909.86,25.283476236926607,15.283476236926607,0.6276918700152846,80,HIGH OPPORTUNITY,CONSERVATIVE OPPORTUNITY,2026-07-31 15:55:32,Unit,Flat,VALID,10.0,1.3383920311536532,25.283476236926607
102-64184-2026,RAW DISTRICT BY IMTIAZ R,Jabal Ali Industrial Second,2 B/R,Off-Plan,1658790.71,1122.164485682201,2384678.0,725887.29,30.439635456023833,20.439635456023833,0.626140699228791,70,HIGH OPPORTUNITY,BROAD OPPORTUNITY,2026-07-21 15:21:28,Unit,Flat,VALID,10.0,1.4376002865364492,30.439635456023833
102-71084-2026,Samana IBIZA,DUBAI LAND RESIDENCE COMPLEX,1 B/R,Off-Plan,774117.65,938.9992505656498,1064939.4,290821.725,27.308758773240022,17.308758773240022,0.6259601244339112,80,HIGH OPPORTUNITY,CONSERVATIVE OPPORTUNITY,2026-08-13 11:30:00,Unit,Flat,VALID,10.0,1.3756815582230943,27.308758773240022
102-63667-2026,RAW DISTRICT BY IMTIAZ R,Jabal Ali Industrial Second,2 B/R,Off-Plan,1697723.99,1148.168249168383,2431530.8,733806.76,30.178798273474438,20.178798273474438,0.6201249274871513,70,HIGH OPPORTUNITY,BROAD OPPORTUNITY,2026-07-20 10:14:58,Unit,Flat,VALID,10.0,1.4322297171520797,30.178798273474438
102-67791-2026,OMYA RESIDENCES,Jabal Ali First,Studio,Off-Plan,515000.0,1417.2130302671794,690435.2,175435.1875,25.409363641391757,15.409363641391757,0.6127446126425098,80,HIGH OPPORTUNITY,CONSERVATIVE OPPORTUNITY,2026-07-31 16:10:19,Unit,Flat,VALID,10.0,1.340650849514563,25.409363641391757
102-61439-2026,Binghatti Pinnacle,DUBAI HEALTHCARE CITY - PHASE 2,2 B/R,Off-Plan,1621684.0,1472.0031198749964,2382370.8,760686.75,31.929822425833592,21.929822425833592,0.612202411057402,70,HIGH OPPORTUNITY,BROAD OPPORTUNITY,2026-07-13 11:14:33,Unit,Flat,VALID,10.0,1.4690721188591611,31.929822425833592
102-66541-2026,RAW DISTRICT BY IMTIAZ R,Jabal Ali Industrial Second,3 B/R,Off-Plan,1874222.4,1228.8879038801047,2548540.8,674318.3500000001,26.458998154139778,16.458998154139778,0.6112783241427947,70,HIGH OPPORTUNITY,BROAD OPPORTUNITY,2026-07-28 16:19:42,Unit,Flat,VALID,10.0,1.3597856636437597,26.458998154139778
102-66546-2026,RAW DISTRICT BY IMTIAZ R,Jabal Ali Industrial Second,3 B/R,Off-Plan,1889226.79,1253.4105684075487,2549999.5,660772.71,25.912660375031443,15.912660375031443,0.6070272490948224,70,HIGH OPPORTUNITY,BROAD OPPORTUNITY,2026-07-28 16:38:01,Unit,Flat,VALID,10.0,1.3497582786236055,25.912660375031443
102-63168-2026,Azizi Noura,Jabal Ali Industrial Second,1 B/R,Off-Plan,951390.0,1059.5433800251042,1343278.1,391888.125,29.174012269424843,19.174012269424843,0.6064144805609935,70,HIGH OPPORTUNITY,BROAD OPPORTUNITY,2026-07-16 20:23:16,Unit,Flat,VALID,10.0,1.4119111247753287,29.174012269424843
102-70960-2026,Bugatti Residences by Binghatti,BUSINESS BAY,3 B/R,Off-Plan,20820100.0,4952.003212916558,30440168.0,9620068.0,31.60320271556977,21.60320271556977,0.6055461929181145,65,HIGH OPPORTUNITY,BROAD OPPORTUNITY,2026-08-12 12:06:57,Unit,Flat,VALID,10.0,1.4620567624555116,31.60320271556977
11-22177-2026,Regent Court,JUMEIRAH VILLAGE CIRCLE,1 B/R,Ready,456000.0,550.5370661122759,744309.2,288309.1875,38.735137539868134,18.735137539868134,0.6044559245464819,65,HIGH OPPORTUNITY,BROAD OPPORTUNITY,2026-07-17 19:45:00,Unit,Flat,VALID,20.0,1.6322569901315789,38.735137539868134
102-70718-2026,Rome 3 by SD ,Wadi Al Safa 3,2 B/R,Off-Plan,1037034.98,782.455904040195,1501563.6,464528.645,30.93632778963995,20.93632778963995,0.6042322117500479,70,HIGH OPPORTUNITY,BROAD OPPORTUNITY,2026-08-11 17:08:14,Unit,Flat,VALID,10.0,1.447939224769448,30.93632778963995
102-70986-2026,Binghatti Ruby,JUMEIRAH VILLAGE CIRCLE,1 B/R,Off-Plan,1000000.0,1294.095694476202,1390878.4,390878.375,28.102987437704606,18.102987437704606,0.5997313694780531,65,HIGH OPPORTUNITY,BROAD OPPORTUNITY,2026-08-12 12:33:49,Unit,Flat,VALID,10.0,1.390878375,28.102987437704606
102-63594-2026,RAW DISTRICT BY IMTIAZ CR,DOWN TOWN JABAL ALI,1 B/R,Off-Plan,1073454.64,1095.6635450296399,1515907.4,442452.7350000001,29.187319904687453,19.187319904687453,0.5991891408352468,70,HIGH OPPORTUNITY,BROAD OPPORTUNITY,2026-07-18 14:28:16,Unit,Flat,VALID,10.0,1.4121764614106098,29.187319904687453
102-65621-2026,NEST,INTERNATIONAL CITY PH 2 & 3,2 B/R,Off-Plan,1179625.92,559.6799963575482,1573664.2,394038.3300000001,25.039542583495816,15.039542583495816,0.5971483018311567,80,HIGH OPPORTUNITY,CONSERVATIVE OPPORTUNITY,2026-07-25 13:04:09,Unit,Flat,VALID,10.0,1.3340366834258781,25.039542583495816
102-70971-2026,Binghatti Ruby,JUMEIRAH VILLAGE CIRCLE,1 B/R,Off-Plan,1000000.0,1293.7352723359777,1389682.5,389682.5,28.041117305571596,18.041117305571596,0.5945843467635809,65,HIGH OPPORTUNITY,BROAD OPPORTUNITY,2026-08-12 12:21:52,Unit,Flat,VALID,10.0,1.3896825,28.041117305571596
102-62106-2026,RAW DISTRICT BY IMTIAZ R,Jabal Ali Industrial Second,3 B/R,Off-Plan,1876015.57,1244.6455631380875,2800332.8,924317.1799999999,33.00740528067602,23.007405280676018,0.5892014092220621,60,HIGH OPPORTUNITY,BROAD OPPORTUNITY,2026-07-14 14:51:48,Unit,Flat,VALID,10.0,1.4927022967085501,33.00740528067602
102-69588-2026,AMAAL 8,HORIZON,1 B/R,Off-Plan,1420000.0,1679.2571851725318,1908754.0,488754.0,25.605918835009646,15.605918835009646,0.5808570657850204,70,HIGH OPPORTUNITY,BROAD OPPORTUNITY,2026-08-06 17:08:42,Unit,Flat,VALID,10.0,1.3441929577464788,25.605918835009646
102-61872-2026,Binghatti Skyterraces,Al Hebiah First,1 B/R,Off-Plan,1050000.0,1141.9841536147142,1413171.0,363171.0,25.69901307060504,15.69901307060504,0.579804141579638,70,HIGH OPPORTUNITY,BROAD OPPORTUNITY,2026-07-14 08:55:33,Unit,Flat,VALID,10.0,1.3458771428571428,25.69901307060504
11-22179-2026,Regent Court,JUMEIRAH VILLAGE CIRCLE,1 B/R,Ready,363000.0,550.0544145496672,567566.0,204566.0,36.04268049883185,16.04268049883185,0.5797462507068138,65,HIGH OPPORTUNITY,BROAD OPPORTUNITY,2026-07-17 17:11:05,Unit,Flat,VALID,20.0,1.5635426997245179,36.04268049883185
102-64060-2026,AMAAL 8,HORIZON,1 B/R,Off-Plan,1500000.0,1773.863223773801,2001290.1,501290.125,25.048348499695916,15.048348499695916,0.5764990948763749,70,HIGH OPPORTUNITY,BROAD OPPORTUNITY,2026-07-21 11:50:53,Unit,Flat,VALID,10.0,1.3341934166666667,25.048348499695916
102-63259-2026,RAFFI BY AZIZI,AL FURJAN,Studio,Off-Plan,586850.0,1378.164858078821,793909.0,207059.0,26.080948824109562,16.080948824109562,0.5748898983983876,70,HIGH OPPORTUNITY,BROAD OPPORTUNITY,2026-07-17 12:17:11,Unit,Flat,VALID,10.0,1.3528312175172532,26.080948824109562
102-61614-2026,Binghatti Pinnacle,DUBAI HEALTHCARE CITY - PHASE 2,2 B/R,Off-Plan,2000000.0,1516.538196318096,2731823.8,731823.75,26.78883474821536,16.78883474821536,0.5719020240751541,70,HIGH OPPORTUNITY,BROAD OPPORTUNITY,2026-07-13 14:28:06,Unit,Flat,VALID,10.0,1.365911875,26.78883474821536
102-69875-2026,Binghatti Elite,DUBAI PRODUCTION CITY,Studio,Off-Plan,550000.0,1056.1538124957751,745410.94,195410.9375,26.215195896558736,16.215195896558736,0.5712340336208424,65,HIGH OPPORTUNITY,BROAD OPPORTUNITY,2026-08-07 14:48:51,Unit,Flat,VALID,10.0,1.3552926136363637,26.215195896558736
102-66147-2026,The Residences at the Dubai Beach Edition,Marsa Dubai,3 B/R,Off-Plan,13480129.65,3810.1135904033954,19627164.0,6147034.35,31.319014555541493,21.319014555541493,0.5711418089524105,60,HIGH OPPORTUNITY,BROAD OPPORTUNITY,2026-07-27 17:19:15,Unit,Flat,VALID,10.0,1.4560070644424403,31.319014555541493
102-61805-2026,Binghatti Pinnacle,DUBAI HEALTHCARE CITY - PHASE 2,3 B/R,Off-Plan,2278316.0,1498.709107951113,3083952.2,805636.25,26.123499480252978,16.123499480252978,0.5672220083539068,70,HIGH OPPORTUNITY,BROAD OPPORTUNITY,2026-07-13 18:15:29,Unit,Flat,VALID,10.0,1.3536104078626494,26.123499480252978
102-62653-2026,RAW DISTRICT BY IMTIAZ R,Jabal Ali Industrial Second,Studio,Off-Plan,702232.13,1156.7298368416784,944712.94,242480.8075,25.667141612528198,15.667141612528198,0.5622684076614727,70,HIGH OPPORTUNITY,BROAD OPPORTUNITY,2026-07-15 16:36:59,Unit,Flat,VALID,10.0,1.345300075489283,25.667141612528198
102-61834-2026,GOLF RESIDENCES BY PRESTIGE ONE ,DUBAI SPORTS CITY,Studio,Off-Plan,495000.0,1138.8570902350432,665561.06,170561.0625,25.626658786097483,15.626658786097483,0.5502678816048219,65,HIGH OPPORTUNITY,BROAD OPPORTUNITY,2026-07-13 20:40:48,Unit,Flat,VALID,10.0,1.344567803030303,25.626658786097483
